{
    "name": "root",
    "gauges": {
        "RollerBall.Policy.Entropy.mean": {
            "value": 1.214969277381897,
            "min": 1.214969277381897,
            "max": 1.4259172677993774,
            "count": 41
        },
        "RollerBall.Policy.Entropy.sum": {
            "value": 14579.6318359375,
            "min": 14579.6318359375,
            "max": 17197.53125,
            "count": 41
        },
        "RollerBall.Environment.EpisodeLength.mean": {
            "value": 3.9281314168377826,
            "min": 3.8618874038072093,
            "max": 27.43230403800475,
            "count": 41
        },
        "RollerBall.Environment.EpisodeLength.sum": {
            "value": 9565.0,
            "min": 9535.0,
            "max": 11560.0,
            "count": 41
        },
        "RollerBall.Step.mean": {
            "value": 491998.0,
            "min": 11994.0,
            "max": 491998.0,
            "count": 41
        },
        "RollerBall.Step.sum": {
            "value": 491998.0,
            "min": 11994.0,
            "max": 491998.0,
            "count": 41
        },
        "RollerBall.Policy.ExtrinsicValueEstimate.mean": {
            "value": 0.949777364730835,
            "min": -0.6230615973472595,
            "max": 0.9780288934707642,
            "count": 41
        },
        "RollerBall.Policy.ExtrinsicValueEstimate.sum": {
            "value": 2313.65771484375,
            "min": -527.008056640625,
            "max": 2377.84326171875,
            "count": 41
        },
        "RollerBall.Environment.CumulativeReward.mean": {
            "value": 0.9634458280010959,
            "min": -0.7264086014685992,
            "max": 0.9660997149727005,
            "count": 41
        },
        "RollerBall.Environment.CumulativeReward.sum": {
            "value": 2346.9540370106697,
            "min": -634.1069848537445,
            "max": 2362.9190354943275,
            "count": 41
        },
        "RollerBall.Policy.ExtrinsicReward.mean": {
            "value": 0.9634458280010959,
            "min": -0.7264086014685992,
            "max": 0.9660997149727005,
            "count": 41
        },
        "RollerBall.Policy.ExtrinsicReward.sum": {
            "value": 2346.9540370106697,
            "min": -634.1069848537445,
            "max": 2362.9190354943275,
            "count": 41
        },
        "RollerBall.IsTraining.mean": {
            "value": 1.0,
            "min": 1.0,
            "max": 1.0,
            "count": 41
        },
        "RollerBall.IsTraining.sum": {
            "value": 1.0,
            "min": 1.0,
            "max": 1.0,
            "count": 41
        },
        "RollerBall.Losses.PolicyLoss.mean": {
            "value": 0.09154874826955764,
            "min": 0.08278257789716138,
            "max": 0.10383062957414159,
            "count": 40
        },
        "RollerBall.Losses.PolicyLoss.sum": {
            "value": 0.09154874826955764,
            "min": 0.08278257789716138,
            "max": 0.10383062957414159,
            "count": 40
        },
        "RollerBall.Losses.ValueLoss.mean": {
            "value": 0.013136436879915416,
            "min": 0.0073471091036708056,
            "max": 0.49656861723000567,
            "count": 40
        },
        "RollerBall.Losses.ValueLoss.sum": {
            "value": 0.013136436879915416,
            "min": 0.0073471091036708056,
            "max": 0.49656861723000567,
            "count": 40
        },
        "RollerBall.Policy.LearningRate.mean": {
            "value": 1.1784096071999996e-05,
            "min": 1.1784096071999996e-05,
            "max": 0.0002927904024032,
            "count": 40
        },
        "RollerBall.Policy.LearningRate.sum": {
            "value": 1.1784096071999996e-05,
            "min": 1.1784096071999996e-05,
            "max": 0.0002927904024032,
            "count": 40
        },
        "RollerBall.Policy.Epsilon.mean": {
            "value": 0.103928,
            "min": 0.103928,
            "max": 0.19759680000000002,
            "count": 40
        },
        "RollerBall.Policy.Epsilon.sum": {
            "value": 0.103928,
            "min": 0.103928,
            "max": 0.19759680000000002,
            "count": 40
        },
        "RollerBall.Policy.Beta.mean": {
            "value": 4.8887199999999975e-05,
            "min": 4.8887199999999975e-05,
            "max": 0.0009762083199999998,
            "count": 40
        },
        "RollerBall.Policy.Beta.sum": {
            "value": 4.8887199999999975e-05,
            "min": 4.8887199999999975e-05,
            "max": 0.0009762083199999998,
            "count": 40
        }
    },
    "metadata": {
        "timer_format_version": "0.1.0",
        "start_time_seconds": "1642817054",
        "python_version": "3.9.7 (default, Sep 16 2021, 08:50:36) \n[Clang 10.0.0 ]",
        "command_line_arguments": "/opt/anaconda3/envs/mlagen/bin/mlagents-learn config/rollerball_config.yaml --run-id=rollerball",
        "mlagents_version": "0.27.0",
        "mlagents_envs_version": "0.27.0",
        "communication_protocol_version": "1.5.0",
        "pytorch_version": "1.8.1",
        "numpy_version": "1.21.2",
        "end_time_seconds": "1642817706"
    },
    "total": 652.195076095,
    "count": 1,
    "self": 0.007756318000019746,
    "children": {
        "run_training.setup": {
            "total": 0.04928476100000001,
            "count": 1,
            "self": 0.04928476100000001
        },
        "TrainerController.start_learning": {
            "total": 652.138035016,
            "count": 1,
            "self": 1.5211790149954822,
            "children": {
                "TrainerController._reset_env": {
                    "total": 7.055032263,
                    "count": 1,
                    "self": 7.055032263
                },
                "TrainerController.advance": {
                    "total": 643.5238922510044,
                    "count": 96297,
                    "self": 1.4086579570345066,
                    "children": {
                        "env_step": {
                            "total": 449.6816865229811,
                            "count": 96297,
                            "self": 423.1485072589676,
                            "children": {
                                "SubprocessEnvManager._take_step": {
                                    "total": 25.58331854700831,
                                    "count": 96297,
                                    "self": 2.5497106790102677,
                                    "children": {
                                        "TorchPolicy.evaluate": {
                                            "total": 23.033607867998043,
                                            "count": 50003,
                                            "self": 4.307291150996001,
                                            "children": {
                                                "TorchPolicy.sample_actions": {
                                                    "total": 18.726316717002042,
                                                    "count": 50003,
                                                    "self": 18.726316717002042
                                                }
                                            }
                                        }
                                    }
                                },
                                "workers": {
                                    "total": 0.9498607170052562,
                                    "count": 96297,
                                    "self": 0.0,
                                    "children": {
                                        "worker_root": {
                                            "total": 642.7577931219952,
                                            "count": 96297,
                                            "is_parallel": true,