{"count":1,"self":87.4297216,"total":90.3863176,"children":{"InitializeActuators":{"count":10,"self":0.0019657999999999998,"total":0.0019657999999999998,"children":null},"InitializeSensors":{"count":10,"self":0.0029687999999999997,"total":0.0029687999999999997,"children":null},"AgentSendState":{"count":4278,"self":0.0535365,"total":0.1139809,"children":{"CollectObservations":{"count":8560,"self":0.0266425,"total":0.0266425,"children":null},"WriteActionMask":{"count":8560,"self":0.0059251999999999994,"total":0.0059251999999999994,"children":null},"RequestDecision":{"count":8560,"self":0.027876699999999997,"total":0.027876699999999997,"children":null}}},"DecideAction":{"count":4278,"self":2.6441795999999997,"total":2.6441795999999997,"children":null},"AgentAct":{"count":4278,"self":0.1924978,"total":0.1924978,"children":null}},"gauges":{"RollerBall.CumulativeReward":{"count":1681,"max":2.98999977,"min":-1.038,"runningAverage":1.01981914,"value":0.974,"weightedAverage":1.02468383}},"metadata":{"timer_format_version":"0.1.0","start_time_seconds":"1642583379","unity_version":"2020.3.13f1c1","command_line_arguments":"C:\\Program Files\\Unity\\Hub\\Editor\\2020.3.13f1c1\\Editor\\Unity.exe -projectpath D:\/Personal\/yang\/GrowthProcess\/ml-angents-workspace\/my_ml_angents -useHub -hubIPC -cloudEnvironment production -hubSessionId e928f110-783f-11ec-bb5e-17b117d29aff -accessToken RvZ2Ui-Fs-FwDuFb8pqteqhsHVhfjQ5Oie2Vn2BjE04011f","communication_protocol_version":"1.5.0","com.unity.ml-agents_version":"2.0.1","scene_name":"RollerBall","end_time_seconds":"1642583469"}}